{"count":1,"self":43.2588,"total":213.65497599999998,"children":{"InitializeActuators":{"count":2,"self":0.001168,"total":0.001168,"children":null},"InitializeSensors":{"count":2,"self":0.00108,"total":0.00108,"children":null},"AgentSendState":{"count":48662,"self":21.056049599999998,"total":41.410742,"children":{"CollectObservations":{"count":8158,"self":0.013510999999999999,"total":0.013510999999999999,"children":null},"WriteActionMask":{"count":8158,"self":0.010289999999999999,"total":0.010289999999999999,"children":null},"RequestDecision":{"count":8158,"self":0.046891999999999996,"total":20.330890999999998,"children":{"AgentInfo.ToProto":{"count":8158,"self":0.049651999999999995,"total":20.283998999999998,"children":{"GenerateSensorData":{"count":8158,"self":20.2343472,"total":20.234347,"children":null}}}}}}},"DecideAction":{"count":48662,"self":128.43208959999998,"total":128.43209099999999,"children":null},"AgentAct":{"count":48662,"self":0.302517,"total":0.302517,"children":null},"AgentInfo.ToProto":{"count":100,"self":0.00081399999999999994,"total":0.247908,"children":{"GenerateSensorData":{"count":100,"self":0.24709399999999998,"total":0.24709399999999998,"children":null}}}},"gauges":{"Hiderview.CumulativeReward":{"count":100,"max":3.03289032,"min":-0.981,"runningAverage":-0.5162314,"value":-0.915,"weightedAverage":-0.6437792}},"metadata":{"timer_format_version":"0.1.0","start_time_seconds":"1777731952","unity_version":"6000.4.3f1","command_line_arguments":"\/Applications\/Unity\/Hub\/Editor\/6000.4.3f1\/Unity.app\/Contents\/MacOS\/Unity -projectpath \/Users\/justinmao\/Documents\/GitHub\/Seeking-RL-Methods-with-Hide-and-Seek\/HideAndSeek -acceptSoftwareTermsForThisRunOnly -useHub -hubIPC -cloudEnvironment production","communication_protocol_version":"1.5.0","com.unity.ml-agents_version":"4.0.3","scene_name":"SampleScene","end_time_seconds":"1777732166"}}